{
  "properties": {
    "connectionReferences": {
      "shared_onedriveforbusiness": {
        "runtimeSource": "invoker",
        "connection": {
          "connectionReferenceLogicalName": "crm_sharedonedriveforbusiness_2a509"
        },
        "api": {
          "name": "shared_onedriveforbusiness"
        }
      }
    },
    "definition": {
      "$schema": "https://schema.management.azure.com/providers/Microsoft.Logic/schemas/2016-06-01/workflowdefinition.json#",
      "contentVersion": "1.0.0.0",
      "parameters": {
        "$connections": {
          "defaultValue": {},
          "type": "Object"
        },
        "$authentication": {
          "defaultValue": {},
          "type": "SecureObject"
        }
      },
      "triggers": {
        "manual": {
          "metadata": {
            "operationMetadataId": "83b7e7b9-2528-4cea-8ac8-16dccf5e7929"
          },
          "type": "Request",
          "kind": "PowerAppV2",
          "inputs": {
            "schema": {
              "type": "object",
              "properties": {
                "text": {
                  "title": "JSON",
                  "type": "string",
                  "x-ms-dynamically-added": true,
                  "description": "Please enter your input",
                  "x-ms-content-hint": "TEXT"
                }
              },
              "required": [
                "text"
              ]
            }
          }
        }
      },
      "actions": {
        "Parse_JSON": {
          "runAfter": {},
          "metadata": {
            "operationMetadataId": "8ecc0224-42d1-41d7-9e61-b0ce81f2c66d"
          },
          "type": "ParseJson",
          "inputs": {
            "content": "@triggerBody()['text']",
            "schema": {
              "type": "object",
              "properties": {
                "comments": {},
                "customername": {},
                "recordcode": {},
                "tasks": {},
                "visitdate": {},
                "visittype": {}
              }
            }
          }
        },
        "Compose_–_HTML_Layout": {
          "runAfter": {
            "Switch": [
              "Succeeded"
            ]
          },
          "metadata": {
            "operationMetadataId": "5fd5d56a-a402-499d-b36f-7125f2684047"
          },
          "type": "Compose",
          "inputs": "<html>\n  <body style=\"font-family:Arial; padding:20px;\">\n    <h2 style=\"color:#004aad;\">Visit Report Summary</h2>\n    <table border=\"1\" cellpadding=\"8\" cellspacing=\"0\" width=\"100%\">\n      <tr>\n        <td><b>Record Code</b></td>\n        <td>@{body('Parse_JSON')?['recordcode']}</td>\n      </tr>\n      <tr>\n        <td><b>Customer Name</b></td>\n        <td>@{body('Parse_JSON')?['customername']}</td>\n      </tr>\n      <tr>\n        <td><b>Visit Date</b></td>\n        <td>@{body('Parse_JSON')?['visitdate']}</td>\n      </tr>\n      <tr>\n        <td><b>Visit Type</b></td>\n        <td>@{variables('Visit Type')}</td>\n      </tr>\n      <tr>\n       <td><b>Comments</b></td>\n        <td>@{body('Parse_JSON')?['comments']}</td>\n      </tr>\n     <tr>\n       <td><b>Is Completed</b></td>\n        <td>@{body('Parse_JSON')?['tasks']}</td>\n      </tr>\n    </table>\n  </body>\n</html>\n"
        },
        "Convert_file": {
          "runAfter": {
            "Create_file_2": [
              "Succeeded"
            ]
          },
          "metadata": {
            "operationMetadataId": "96effd95-b03e-4dd0-8d1d-fa24d74a84da"
          },
          "type": "OpenApiConnection",
          "inputs": {
            "host": {
              "connectionName": "shared_onedriveforbusiness",
              "operationId": "ConvertFile",
              "apiId": "/providers/Microsoft.PowerApps/apis/shared_onedriveforbusiness"
            },
            "parameters": {
              "id": "@outputs('Create_file_2')?['body/Id']",
              "type": "PDF"
            },
            "authentication": "@parameters('$authentication')"
          }
        },
        "Create_file": {
          "runAfter": {
            "Convert_file": [
              "Succeeded"
            ]
          },
          "metadata": {
            "operationMetadataId": "54591f09-f753-4c83-8c54-70bad118c7f0"
          },
          "type": "OpenApiConnection",
          "inputs": {
            "host": {
              "connectionName": "shared_onedriveforbusiness",
              "operationId": "CreateFile",
              "apiId": "/providers/Microsoft.PowerApps/apis/shared_onedriveforbusiness"
            },
            "parameters": {
              "folderPath": "/",
              "name": "@outputs('Convert_file')?['headers/x-ms-file-name']",
              "body": "@body('Convert_file')"
            },
            "authentication": "@parameters('$authentication')"
          },
          "runtimeConfiguration": {
            "contentTransfer": {
              "transferMode": "Chunked"
            }
          }
        },
        "Respond_to_a_Power_App_or_flow": {
          "runAfter": {
            "Create_file": [
              "Succeeded"
            ]
          },
          "metadata": {
            "operationMetadataId": "8a52e116-37e3-4788-a9da-1305a7f83fde"
          },
          "type": "Response",
          "kind": "PowerApp",
          "inputs": {
            "statusCode": 200,
            "body": {
              "pdfurl": "https://sciasuedu-my.sharepoint.com/personal/29802180100634_sci_asu_edu_eg/Documents@{outputs('Create_file')?['body/Path']}"
            },
            "schema": {
              "type": "object",
              "properties": {
                "pdfurl": {
                  "title": "pdfUrl",
                  "x-ms-dynamically-added": true,
                  "type": "string"
                }
              }
            }
          }
        },
        "Create_file_2": {
          "runAfter": {
            "Compose_–_HTML_Layout": [
              "Succeeded"
            ]
          },
          "metadata": {
            "operationMetadataId": "4b1732e6-e912-4c5a-bce4-916cea392a98"
          },
          "type": "OpenApiConnection",
          "inputs": {
            "host": {
              "connectionName": "shared_onedriveforbusiness",
              "operationId": "CreateFile",
              "apiId": "/providers/Microsoft.PowerApps/apis/shared_onedriveforbusiness"
            },
            "parameters": {
              "folderPath": "/",
              "name": "@{body('Parse_JSON')?['recordcode']}-@{utcNow()}.html",
              "body": "@outputs('Compose_–_HTML_Layout')"
            },
            "authentication": "@parameters('$authentication')"
          },
          "runtimeConfiguration": {
            "contentTransfer": {
              "transferMode": "Chunked"
            }
          }
        },
        "Switch": {
          "runAfter": {
            "Initialize_variable": [
              "Succeeded"
            ]
          },
          "cases": {
            "Case": {
              "case": 1,
              "actions": {
                "Set_variable": {
                  "runAfter": {},
                  "metadata": {
                    "operationMetadataId": "dd20080f-4882-4eee-ac5e-b71d431c98e2"
                  },
                  "type": "SetVariable",
                  "inputs": {
                    "name": "Visit Type",
                    "value": "Maintenance"
                  }
                }
              }
            },
            "Case_2": {
              "case": 2,
              "actions": {
                "Set_variable_2": {
                  "runAfter": {},
                  "metadata": {
                    "operationMetadataId": "48518f1c-2aad-42b5-8e14-e306e57463f0"
                  },
                  "type": "SetVariable",
                  "inputs": {
                    "name": "Visit Type",
                    "value": "Inspection"
                  }
                }
              }
            },
            "Case_3": {
              "case": 3,
              "actions": {
                "Set_variable_3": {
                  "runAfter": {},
                  "metadata": {
                    "operationMetadataId": "8b41ae44-7b83-4bbd-8d80-4b1fb7ae58b2"
                  },
                  "type": "SetVariable",
                  "inputs": {
                    "name": "Visit Type",
                    "value": "Inspection"
                  }
                }
              }
            },
            "Case_4": {
              "case": 4,
              "actions": {
                "Set_variable_4": {
                  "runAfter": {},
                  "metadata": {
                    "operationMetadataId": "71f74253-e1f9-4d16-9c7b-56e84a9f0782"
                  },
                  "type": "SetVariable",
                  "inputs": {
                    "name": "Visit Type",
                    "value": "Other"
                  }
                }
              }
            }
          },
          "default": {
            "actions": {}
          },
          "expression": "@body('Parse_JSON')?['visittype']",
          "metadata": {
            "operationMetadataId": "c85c534c-e776-47d2-ac72-38690876eb8c"
          },
          "type": "Switch"
        },
        "Initialize_variable": {
          "runAfter": {
            "Parse_JSON": [
              "Succeeded"
            ]
          },
          "metadata": {
            "operationMetadataId": "d3901e82-75ff-4ea7-97d0-8e18d0478891"
          },
          "type": "InitializeVariable",
          "inputs": {
            "variables": [
              {
                "name": "Visit Type",
                "type": "string"
              }
            ]
          }
        }
      }
    },
    "templateName": ""
  },
  "schemaVersion": "1.0.0.0"
}